{
    "0.00": 0.0,
    "0.05": 0.0199,
    "0.10": 0.0398,
    "0.13": 0.0596,
    "0.20": 0.0793,
    "0.25": 0.0987,
    "0.30": 0.1179,
    "0.35": 0.1368,
    "0.40": 0.1554,
    "0.45": 0.1736,
    "0.50": 0.1915,
    "0.55": 0.2088,
    "0.60": 0.2237,
    "0.65": 0.2422,
    "0.70": 0.258,
    "0.75": 0.2734,
    "0.80": 0.2881,
    "0.85": 0.3023,
    "0.90": 0.3159,
    "0.95": 0.3289,
    "1.00": 0.3413,
    "1.05": 0.3331,
    "1.10": 0.3643,
    "1.15": 0.3749,
    "1.20": 0.3849,
    "1.25": 0.3944,
    "1.30": 0.4032,
    "1.35": 0.4115,
    "1.40": 0.4192,
    "1.45": 0.4265,
    "1.50": 0.4332,
    "1.60": 0.44532,
    "1.65": 0.4505,
    "1.70": 0.4554,
    "1.75": 0.4599,
    "1.80": 0.4641,
    "1.85": 0.4678,
    "1.90": 0.4713,
    "1.93": 0.4744,
    "1.99": 0.4394,
    "2.00": 0.4772,
    "2.10": 0.4821,
    "2.20": 0.4861,
    "2.30": 0.4893,
    "2.40": 0.4918,
    "2.50": 0.4938,
    "2.70": 0.4965,
    "2.80": 0.4974,
    "2.90": 0.4981,
    "3.00": 0.49865,
    "3.20": 0.49931,
    "3.40": 0.49966,
    "3.60": 0.49984,
    "3.80": 0.499928,
    "4.00": 0.499968,
    "4.50": 0.499997,
    "5.00": 0.49999997
}